ID,Team,Title,Description,Status,Estimate,Priority,Project ID,Project,Creator,Assignee,Labels,Cycle Number,Cycle Name,Cycle Start,Cycle End,Created,Updated,Started,Triaged,Completed,Canceled,Archived,Due Date,Parent issue,Initiatives,Project Milestone ID,Project Milestone,SLA Status,Roadmaps
GDB-15,Genderbase,Anonymous question submission,Allow users to submit questions without providing an email address,Backlog,,High,18273b8c-98cb-4e7d-9c32-9b786b4af56d,Genderbase Web App,dave@dave.io,dave@dave.io,"anonymous, questions, core",,,,,,,,,,,,,,,,,,
GDB-16,Genderbase,Implement anonymous mode for question submission,Add UI option for users to submit without providing email,Backlog,,High,18273b8c-98cb-4e7d-9c32-9b786b4af56d,Genderbase Web App,dave@dave.io,dave@dave.io,"anonymous, questions, ui",,,,,,,,,,,,,GDB-15,,,,,
GDB-17,Genderbase,Create anonymous question backend logic,Implement server-side handling for anonymous submissions,Backlog,,High,18273b8c-98cb-4e7d-9c32-9b786b4af56d,Genderbase Web App,dave@dave.io,dave@dave.io,"anonymous, questions, backend",,,,,,,,,,,,,GDB-15,,,,,
GDB-18,Genderbase,Question notification system,Create a system to notify users by email when their question receives a response,Backlog,,High,18273b8c-98cb-4e7d-9c32-9b786b4af56d,Genderbase Web App,dave@dave.io,dave@dave.io,"notifications, email, questions",,,,,,,,,,,,,,,,,,
GDB-19,Genderbase,Set up question notification database,Create notification model and database schema,Backlog,,High,18273b8c-98cb-4e7d-9c32-9b786b4af56d,Genderbase Web App,dave@dave.io,dave@dave.io,"notifications, database, questions",,,,,,,,,,,,,GDB-18,,,,,
GDB-20,Genderbase,Implement notification delivery system,Build email sending functionality for question responses,Backlog,,High,18273b8c-98cb-4e7d-9c32-9b786b4af56d,Genderbase Web App,dave@dave.io,dave@dave.io,"notifications, email, questions",,,,,,,,,,,,,GDB-18,,,,,
GDB-21,Genderbase,Create notification preferences UI,Build interface for users to manage notification preferences,Backlog,,Medium,18273b8c-98cb-4e7d-9c32-9b786b4af56d,Genderbase Web App,dave@dave.io,dave@dave.io,"notifications, ui",,,,,,,,,,,,,GDB-18,,,,,
GDB-22,Genderbase,Responder pseudonyms,Implement system to generate and assign random pseudonyms to responders for anonymity,Backlog,,High,18273b8c-98cb-4e7d-9c32-9b786b4af56d,Genderbase Web App,dave@dave.io,dave@dave.io,"pseudonyms, responders, anonymity",,,,,,,,,,,,,,,,,,
GDB-23,Genderbase,Create pseudonym generator for responders,Implement algorithm to generate unique responder pseudonyms,Backlog,,High,18273b8c-98cb-4e7d-9c32-9b786b4af56d,Genderbase Web App,dave@dave.io,dave@dave.io,"pseudonyms, responders, algorithm",,,,,,,,,,,,,GDB-22,,,,,
GDB-24,Genderbase,Add responder pseudonym UI,Create interface for responders to view/set their pseudonym,Backlog,,Medium,18273b8c-98cb-4e7d-9c32-9b786b4af56d,Genderbase Web App,dave@dave.io,dave@dave.io,"pseudonyms, responders, ui",,,,,,,,,,,,,GDB-22,,,,,
GDB-25,Genderbase,Question conversation UI,Build UI for back-and-forth conversation between askers and responders,Backlog,,High,18273b8c-98cb-4e7d-9c32-9b786b4af56d,Genderbase Web App,dave@dave.io,dave@dave.io,"ui, questions, conversation",,,,,,,,,,,,,,,,,,
GDB-26,Genderbase,Implement question conversation thread UI,Design and build threaded conversation view for questions,Backlog,,High,18273b8c-98cb-4e7d-9c32-9b786b4af56d,Genderbase Web App,dave@dave.io,dave@dave.io,"ui, questions, conversation",,,,,,,,,,,,,GDB-25,,,,,
GDB-27,Genderbase,Create question response form,Implement form for responders to reply to questions,Backlog,,High,18273b8c-98cb-4e7d-9c32-9b786b4af56d,Genderbase Web App,dave@dave.io,dave@dave.io,"ui, questions, conversation",,,,,,,,,,,,,GDB-25,,,,,
GDB-28,Genderbase,Add asker follow-up UI,Build interface for original asker to follow up on questions,Backlog,,High,18273b8c-98cb-4e7d-9c32-9b786b4af56d,Genderbase Web App,dave@dave.io,dave@dave.io,"ui, questions, conversation",,,,,,,,,,,,,GDB-25,,,,,
GDB-29,Genderbase,Conversation closing functionality,Implement ability for either party to close a conversation,Backlog,,Medium,18273b8c-98cb-4e7d-9c32-9b786b4af56d,Genderbase Web App,dave@dave.io,dave@dave.io,"questions, conversation, workflow",,,,,,,,,,,,,,,,,,
GDB-30,Genderbase,Implement conversation closing button,Add UI element for closing conversations,Backlog,,Medium,18273b8c-98cb-4e7d-9c32-9b786b4af56d,Genderbase Web App,dave@dave.io,dave@dave.io,"questions, conversation, ui",,,,,,,,,,,,,GDB-29,,,,,
GDB-31,Genderbase,Create conversation close backend logic,Implement server-side handling of conversation closing,Backlog,,Medium,18273b8c-98cb-4e7d-9c32-9b786b4af56d,Genderbase Web App,dave@dave.io,dave@dave.io,"questions, conversation, backend",,,,,,,,,,,,,GDB-29,,,,,
GDB-32,Genderbase,Add responder final response capability,Allow responders to send one final message after closure,Backlog,,Medium,18273b8c-98cb-4e7d-9c32-9b786b4af56d,Genderbase Web App,dave@dave.io,dave@dave.io,"questions, conversation, workflow",,,,,,,,,,,,,GDB-29,,,,,
GDB-33,Genderbase,Knowledge base contribution workflow,Build system to convert closed questions into knowledge base articles with responder editing,Backlog,,High,fb1aecba-c3c9-4c49-b78a-54926e9b0387,Genderbase Content,dave@dave.io,dave@dave.io,"knowledge-base, workflow",,,,,,,,,,,,,,,,,,
GDB-34,Genderbase,Design knowledge conversion UI,Create interface for converting questions to knowledge articles,Backlog,,High,fb1aecba-c3c9-4c49-b78a-54926e9b0387,Genderbase Content,dave@dave.io,dave@dave.io,"knowledge-base, ui, workflow",,,,,,,,,,,,,GDB-33,,,,,
GDB-35,Genderbase,Implement knowledge conversion backend,Build server-side logic for question-to-knowledge conversion,Backlog,,High,fb1aecba-c3c9-4c49-b78a-54926e9b0387,Genderbase Content,dave@dave.io,dave@dave.io,"knowledge-base, backend, workflow",,,,,,,,,,,,,GDB-33,,,,,
GDB-36,Genderbase,Add knowledge editing capabilities,Create rich editor for knowledge article content,Backlog,,High,fb1aecba-c3c9-4c49-b78a-54926e9b0387,Genderbase Content,dave@dave.io,dave@dave.io,"knowledge-base, ui, editor",,,,,,,,,,,,,GDB-33,,,,,
GDB-37,Genderbase,Knowledge approval system,Create system requiring multiple responder approvals before publishing knowledge articles,Backlog,,Medium,fb1aecba-c3c9-4c49-b78a-54926e9b0387,Genderbase Content,dave@dave.io,dave@dave.io,"knowledge-base, moderation",,,,,,,,,,,,,,,,,,
GDB-38,Genderbase,Create knowledge approval request UI,Build interface for responders to request article approval,Backlog,,Medium,fb1aecba-c3c9-4c49-b78a-54926e9b0387,Genderbase Content,dave@dave.io,dave@dave.io,"knowledge-base, ui, moderation",,,,,,,,,,,,,GDB-37,,,,,
GDB-39,Genderbase,Implement approval voting system,Create backend system for responders to vote on articles,Backlog,,Medium,fb1aecba-c3c9-4c49-b78a-54926e9b0387,Genderbase Content,dave@dave.io,dave@dave.io,"knowledge-base, backend, moderation",,,,,,,,,,,,,GDB-37,,,,,
GDB-40,Genderbase,Add approval threshold configuration,Create configurable threshold for required approvals,Backlog,,Low,fb1aecba-c3c9-4c49-b78a-54926e9b0387,Genderbase Content,dave@dave.io,dave@dave.io,"knowledge-base, config, moderation",,,,,,,,,,,,,GDB-37,,,,,
GDB-41,Genderbase,Design approval workflow UI,Create interface for knowledge approval workflow,Backlog,,Medium,fb1aecba-c3c9-4c49-b78a-54926e9b0387,Genderbase Content,dave@dave.io,dave@dave.io,"knowledge-base, moderation, ui",,,,,,,,,,,,,GDB-37,,,,,
GDB-42,Genderbase,Implement approval request system,Build system for submitting approval requests,Backlog,,Medium,fb1aecba-c3c9-4c49-b78a-54926e9b0387,Genderbase Content,dave@dave.io,dave@dave.io,"knowledge-base, moderation, backend",,,,,,,,,,,,,GDB-37,,,,,
GDB-43,Genderbase,Create approval voting mechanism,Implement voting system for approvals,Backlog,,Medium,fb1aecba-c3c9-4c49-b78a-54926e9b0387,Genderbase Content,dave@dave.io,dave@dave.io,"knowledge-base, moderation, voting",,,,,,,,,,,,,GDB-37,,,,,
GDB-44,Genderbase,Add approval status tracking,Create tracking for article approval status,Backlog,,Medium,fb1aecba-c3c9-4c49-b78a-54926e9b0387,Genderbase Content,dave@dave.io,dave@dave.io,"knowledge-base, moderation, tracking",,,,,,,,,,,,,GDB-37,,,,,
GDB-45,Genderbase,Terminology management system,"Create UI for managing ""How Do I Say...?"" terminology entries",Backlog,,Medium,fb1aecba-c3c9-4c49-b78a-54926e9b0387,Genderbase Content,dave@dave.io,dave@dave.io,"terminology, ui",,,,,,,,,,,,,,,,,,
GDB-46,Genderbase,Create terminology entry form,Build form for adding terminology definitions,Backlog,,Medium,fb1aecba-c3c9-4c49-b78a-54926e9b0387,Genderbase Content,dave@dave.io,dave@dave.io,"terminology, ui",,,,,,,,,,,,,GDB-45,,,,,
GDB-47,Genderbase,Implement terminology list view,Create paginated list of terminology entries,Backlog,,Medium,fb1aecba-c3c9-4c49-b78a-54926e9b0387,Genderbase Content,dave@dave.io,dave@dave.io,"terminology, ui",,,,,,,,,,,,,GDB-45,,,,,
GDB-48,Genderbase,Add terminology detail view,Build detailed view of individual terminology entries,Backlog,,Medium,fb1aecba-c3c9-4c49-b78a-54926e9b0387,Genderbase Content,dave@dave.io,dave@dave.io,"terminology, ui",,,,,,,,,,,,,GDB-45,,,,,
GDB-49,Genderbase,Search functionality,Implement robust search across questions and knowledge base,Backlog,,Medium,18273b8c-98cb-4e7d-9c32-9b786b4af56d,Genderbase Web App,dave@dave.io,dave@dave.io,"search, ux",,,,,,,,,,,,,,,,,,
GDB-50,Genderbase,Create search indexing for content,Set up database indexes and search engine integration,Backlog,,Medium,18273b8c-98cb-4e7d-9c32-9b786b4af56d,Genderbase Web App,dave@dave.io,dave@dave.io,"search, backend",,,,,,,,,,,,,GDB-49,,,,,
GDB-51,Genderbase,Implement search UI components,Build search box and results display components,Backlog,,Medium,18273b8c-98cb-4e7d-9c32-9b786b4af56d,Genderbase Web App,dave@dave.io,dave@dave.io,"search, ui",,,,,,,,,,,,,GDB-49,,,,,
GDB-52,Genderbase,Add search filtering capabilities,Implement filtering options for search results,Backlog,,Low,18273b8c-98cb-4e7d-9c32-9b786b4af56d,Genderbase Web App,dave@dave.io,dave@dave.io,"search, ui, filtering",,,,,,,,,,,,,GDB-49,,,,,
GDB-53,Genderbase,Mobile responsive design,Ensure site works well on mobile devices with appropriate layouts,Backlog,,High,18273b8c-98cb-4e7d-9c32-9b786b4af56d,Genderbase Web App,dave@dave.io,dave@dave.io,"ui, mobile, responsive",,,,,,,,,,,,,,,,,,
GDB-54,Genderbase,Design mobile responsive layouts,Create responsive designs for mobile screens,Backlog,,High,18273b8c-98cb-4e7d-9c32-9b786b4af56d,Genderbase Web App,dave@dave.io,dave@dave.io,"ui, mobile, responsive",,,,,,,,,,,,,GDB-53,,,,,
GDB-55,Genderbase,Implement mobile navigation menu,Build collapsible navigation for mobile devices,Backlog,,High,18273b8c-98cb-4e7d-9c32-9b786b4af56d,Genderbase Web App,dave@dave.io,dave@dave.io,"ui, mobile, navigation",,,,,,,,,,,,,GDB-53,,,,,
GDB-56,Genderbase,Optimize forms for mobile input,Adjust form layouts and inputs for mobile usability,Backlog,,Medium,18273b8c-98cb-4e7d-9c32-9b786b4af56d,Genderbase Web App,dave@dave.io,dave@dave.io,"ui, mobile, forms",,,,,,,,,,,,,GDB-53,,,,,
GDB-57,Genderbase,User authentication,Set up secure authentication for responders with appropriate roles and permissions,Backlog,,High,9492a27d-e337-4bc6-8aeb-ae22755e0ad9,Genderbase Security,dave@dave.io,dave@dave.io,"authentication, security",,,,,,,,,,,,,,,,,,
GDB-58,Genderbase,Set up Devise authentication,Configure Devise gem for responder authentication,Backlog,,High,9492a27d-e337-4bc6-8aeb-ae22755e0ad9,Genderbase Security,dave@dave.io,dave@dave.io,"authentication, backend",,,,,,,,,,,,,GDB-57,,,,,
GDB-59,Genderbase,Create responder registration workflow,Build registration process for new responders,Backlog,,High,9492a27d-e337-4bc6-8aeb-ae22755e0ad9,Genderbase Security,dave@dave.io,dave@dave.io,"authentication, registration",,,,,,,,,,,,,GDB-57,,,,,
GDB-60,Genderbase,Implement password strength requirements,Add password requirements and validation,Backlog,,High,9492a27d-e337-4bc6-8aeb-ae22755e0ad9,Genderbase Security,dave@dave.io,dave@dave.io,"authentication, security",,,,,,,,,,,,,GDB-57,,,,,
GDB-61,Genderbase,Create responder login/logout UI,Build login and logout interface components,Backlog,,High,9492a27d-e337-4bc6-8aeb-ae22755e0ad9,Genderbase Security,dave@dave.io,dave@dave.io,"authentication, ui",,,,,,,,,,,,,GDB-57,,,,,
GDB-62,Genderbase,Responder dashboard,Build dashboard for responders to view pending questions and their conversations,Backlog,,High,18273b8c-98cb-4e7d-9c32-9b786b4af56d,Genderbase Web App,dave@dave.io,dave@dave.io,"dashboard, responders, ui",,,,,,,,,,,,,,,,,,
GDB-63,Genderbase,Design responder dashboard layout,Create layout for responder dashboard,Backlog,,High,18273b8c-98cb-4e7d-9c32-9b786b4af56d,Genderbase Web App,dave@dave.io,dave@dave.io,"dashboard, responders, ui",,,,,,,,,,,,,GDB-62,,,,,
GDB-64,Genderbase,Implement pending questions widget,Build dashboard widget showing pending questions,Backlog,,High,18273b8c-98cb-4e7d-9c32-9b786b4af56d,Genderbase Web App,dave@dave.io,dave@dave.io,"dashboard, responders, ui",,,,,,,,,,,,,GDB-62,,,,,
GDB-65,Genderbase,Add active conversations widget,Create dashboard display of active conversations,Backlog,,High,18273b8c-98cb-4e7d-9c32-9b786b4af56d,Genderbase Web App,dave@dave.io,dave@dave.io,"dashboard, responders, ui",,,,,,,,,,,,,GDB-62,,,,,
GDB-66,Genderbase,Create responder metrics display,Build widget showing responder activity metrics,Backlog,,Medium,18273b8c-98cb-4e7d-9c32-9b786b4af56d,Genderbase Web App,dave@dave.io,dave@dave.io,"dashboard, responders, metrics",,,,,,,,,,,,,GDB-62,,,,,
GDB-67,Genderbase,Category and tag system,Create system for categorizing and tagging knowledge articles and questions,Backlog,,Medium,fb1aecba-c3c9-4c49-b78a-54926e9b0387,Genderbase Content,dave@dave.io,dave@dave.io,"taxonomy, organization",,,,,,,,,,,,,,,,,,
GDB-68,Genderbase,Implement category data model,Create database models for categories,Backlog,,Medium,fb1aecba-c3c9-4c49-b78a-54926e9b0387,Genderbase Content,dave@dave.io,dave@dave.io,"taxonomy, database",,,,,,,,,,,,,GDB-67,,,,,
GDB-69,Genderbase,Create tagging system backend,Build tag data model and relationships,Backlog,,Medium,fb1aecba-c3c9-4c49-b78a-54926e9b0387,Genderbase Content,dave@dave.io,dave@dave.io,"taxonomy, database, tags",,,,,,,,,,,,,GDB-67,,,,,
GDB-70,Genderbase,Implement category selector UI,Create UI for selecting categories,Backlog,,Medium,fb1aecba-c3c9-4c49-b78a-54926e9b0387,Genderbase Content,dave@dave.io,dave@dave.io,"taxonomy, ui",,,,,,,,,,,,,GDB-67,,,,,
GDB-71,Genderbase,Add tag input interface,Build UI for adding and managing tags,Backlog,,Medium,fb1aecba-c3c9-4c49-b78a-54926e9b0387,Genderbase Content,dave@dave.io,dave@dave.io,"taxonomy, ui, tags",,,,,,,,,,,,,GDB-67,,,,,
GDB-72,Genderbase,AI-assisted summary generation,Implement AI assistance for summarizing conversations into knowledge articles,Backlog,,Low,fb1aecba-c3c9-4c49-b78a-54926e9b0387,Genderbase Content,dave@dave.io,dave@dave.io,"ai, knowledge-base",,,,,,,,,,,,,,,,,,
GDB-73,Genderbase,Research AI summary generation options,Evaluate AI services for summary generation,Backlog,,Low,fb1aecba-c3c9-4c49-b78a-54926e9b0387,Genderbase Content,dave@dave.io,dave@dave.io,"ai, knowledge-base, research",,,,,,,,,,,,,GDB-72,,,,,
GDB-74,Genderbase,Create AI integration service,Build service to connect with chosen AI provider,Backlog,,Low,fb1aecba-c3c9-4c49-b78a-54926e9b0387,Genderbase Content,dave@dave.io,dave@dave.io,"ai, knowledge-base, integration",,,,,,,,,,,,,GDB-72,,,,,
GDB-75,Genderbase,Implement summary generation UI,Create interface for generating and editing AI summaries,Backlog,,Low,fb1aecba-c3c9-4c49-b78a-54926e9b0387,Genderbase Content,dave@dave.io,dave@dave.io,"ai, knowledge-base, ui",,,,,,,,,,,,,GDB-72,,,,,
GDB-76,Genderbase,Responder onboarding process,Create process for vetting and onboarding new responders,Backlog,,Medium,8d9d1507-c3e0-420b-a85e-e26fe5b6f707,Genderbase Community,dave@dave.io,dave@dave.io,"responders, onboarding",,,,,,,,,,,,,,,,,,
GDB-77,Genderbase,Design responder application form,Create application form for prospective responders,Backlog,,Medium,8d9d1507-c3e0-420b-a85e-e26fe5b6f707,Genderbase Community,dave@dave.io,dave@dave.io,"responders, onboarding, ui",,,,,,,,,,,,,GDB-76,,,,,
GDB-78,Genderbase,Implement responder approval workflow,Build process for reviewing responder applications,Backlog,,Medium,8d9d1507-c3e0-420b-a85e-e26fe5b6f707,Genderbase Community,dave@dave.io,dave@dave.io,"responders, onboarding, workflow",,,,,,,,,,,,,GDB-76,,,,,
GDB-79,Genderbase,Create responder training materials,Develop training content for new responders,Backlog,,Medium,f0594e72-abee-4c3a-88d0-e139e332d0a7,Genderbase Documentation,dave@dave.io,dave@dave.io,"responders, onboarding, documentation",,,,,,,,,,,,,GDB-76,,,,,
GDB-80,Genderbase,Basic analytics,Add analytics to track usage patterns and popular topics,Backlog,,Low,18273b8c-98cb-4e7d-9c32-9b786b4af56d,Genderbase Web App,dave@dave.io,dave@dave.io,"analytics, metrics",,,,,,,,,,,,,,,,,,
GDB-81,Genderbase,Set up analytics tracking,Implement event tracking for key user actions,Backlog,,Low,18273b8c-98cb-4e7d-9c32-9b786b4af56d,Genderbase Web App,dave@dave.io,dave@dave.io,"analytics, metrics, tracking",,,,,,,,,,,,,GDB-80,,,,,
GDB-82,Genderbase,Create analytics dashboard,Build dashboard for viewing analytics data,Backlog,,Low,18273b8c-98cb-4e7d-9c32-9b786b4af56d,Genderbase Web App,dave@dave.io,dave@dave.io,"analytics, metrics, ui",,,,,,,,,,,,,GDB-80,,,,,
GDB-83,Genderbase,Implement topic tracking system,Create system to track common question topics,Backlog,,Low,18273b8c-98cb-4e7d-9c32-9b786b4af56d,Genderbase Web App,dave@dave.io,dave@dave.io,"analytics, topics",,,,,,,,,,,,,GDB-80,,,,,
GDB-84,Genderbase,User feedback mechanism,Implement way for users to provide feedback on answers and knowledge articles,Backlog,,Medium,8d9d1507-c3e0-420b-a85e-e26fe5b6f707,Genderbase Community,dave@dave.io,dave@dave.io,"feedback, ux",,,,,,,,,,,,,,,,,,
GDB-85,Genderbase,Design feedback UI components,Create interface elements for user feedback,Backlog,,Medium,8d9d1507-c3e0-420b-a85e-e26fe5b6f707,Genderbase Community,dave@dave.io,dave@dave.io,"feedback, ui",,,,,,,,,,,,,GDB-84,,,,,
GDB-86,Genderbase,Implement feedback submission backend,Build server-side handling of user feedback,Backlog,,Medium,8d9d1507-c3e0-420b-a85e-e26fe5b6f707,Genderbase Community,dave@dave.io,dave@dave.io,"feedback, backend",,,,,,,,,,,,,GDB-84,,,,,
GDB-87,Genderbase,Create feedback reporting system,Build system to aggregate and report on feedback,Backlog,,Low,8d9d1507-c3e0-420b-a85e-e26fe5b6f707,Genderbase Community,dave@dave.io,dave@dave.io,"feedback, reporting",,,,,,,,,,,,,GDB-84,,,,,
GDB-88,Genderbase,Administrative tools,Create tools for site administrators to manage content and users,Backlog,,Medium,18273b8c-98cb-4e7d-9c32-9b786b4af56d,Genderbase Web App,dave@dave.io,dave@dave.io,"admin, moderation",,,,,,,,,,,,,,,,,,
GDB-89,Genderbase,Design admin interface layout,Create layout for administrative tools,Backlog,,Medium,18273b8c-98cb-4e7d-9c32-9b786b4af56d,Genderbase Web App,dave@dave.io,dave@dave.io,"admin, ui",,,,,,,,,,,,,GDB-88,,,,,
GDB-90,Genderbase,Implement user management tools,Build interfaces for managing users and permissions,Backlog,,Medium,18273b8c-98cb-4e7d-9c32-9b786b4af56d,Genderbase Web App,dave@dave.io,dave@dave.io,"admin, users, ui",,,,,,,,,,,,,GDB-88,,,,,
GDB-91,Genderbase,Create content management dashboard,Build dashboard for content management,Backlog,,Medium,18273b8c-98cb-4e7d-9c32-9b786b4af56d,Genderbase Web App,dave@dave.io,dave@dave.io,"admin, content, ui",,,,,,,,,,,,,GDB-88,,,,,
GDB-92,Genderbase,Content moderation tools,Build tools for responders to flag and moderate problematic content,Backlog,,Medium,8d9d1507-c3e0-420b-a85e-e26fe5b6f707,Genderbase Community,dave@dave.io,dave@dave.io,"moderation, safety",,,,,,,,,,,,,,,,,,
GDB-93,Genderbase,Design content moderation interface,Create interface for moderating content,Backlog,,Medium,8d9d1507-c3e0-420b-a85e-e26fe5b6f707,Genderbase Community,dave@dave.io,dave@dave.io,"moderation, ui",,,,,,,,,,,,,GDB-92,,,,,
GDB-94,Genderbase,Implement content flagging system,Build system for flagging problematic content,Backlog,,Medium,8d9d1507-c3e0-420b-a85e-e26fe5b6f707,Genderbase Community,dave@dave.io,dave@dave.io,"moderation, flagging",,,,,,,,,,,,,GDB-92,,,,,
GDB-95,Genderbase,Create moderation queue,Implement queue for reviewing flagged content,Backlog,,Medium,8d9d1507-c3e0-420b-a85e-e26fe5b6f707,Genderbase Community,dave@dave.io,dave@dave.io,"moderation, queue",,,,,,,,,,,,,GDB-92,,,,,
GDB-96,Genderbase,Home page design and implementation,Create welcoming home page explaining the site's purpose and features,Backlog,,High,cd8ea5e9-a0eb-4cfc-a3ff-3c1c6b4570dd,Genderbase Promotion,dave@dave.io,dave@dave.io,"ui, home-page",,,,,,,,,,,,,,,,,,
GDB-97,Genderbase,Design home page layout,Create welcoming and informative home page design,Backlog,,High,cd8ea5e9-a0eb-4cfc-a3ff-3c1c6b4570dd,Genderbase Promotion,dave@dave.io,dave@dave.io,"ui, home-page",,,,,,,,,,,,,GDB-96,,,,,
GDB-98,Genderbase,Implement home page features,Build home page components and content,Backlog,,High,cd8ea5e9-a0eb-4cfc-a3ff-3c1c6b4570dd,Genderbase Promotion,dave@dave.io,dave@dave.io,"ui, home-page",,,,,,,,,,,,,GDB-96,,,,,
GDB-99,Genderbase,Create site introduction content,Develop clear explanations of site purpose and features,Backlog,,High,cd8ea5e9-a0eb-4cfc-a3ff-3c1c6b4570dd,Genderbase Promotion,dave@dave.io,dave@dave.io,"ui, home-page, content",,,,,,,,,,,,,GDB-96,,,,,
GDB-100,Genderbase,Automated testing,Implement comprehensive automated testing for all core features,Backlog,,Medium,ed2f606d-c418-4e7b-be9e-1061fb9d9635,Genderbase DevOps,dave@dave.io,dave@dave.io,"testing, quality",,,,,,,,,,,,,,,,,,
GDB-101,Genderbase,Set up test framework,Configure testing framework and initial setup,Backlog,,Medium,ed2f606d-c418-4e7b-be9e-1061fb9d9635,Genderbase DevOps,dave@dave.io,dave@dave.io,"testing, setup",,,,,,,,,,,,,GDB-100,,,,,
GDB-102,Genderbase,Create model unit tests,Write tests for model validations and methods,Backlog,,Medium,ed2f606d-c418-4e7b-be9e-1061fb9d9635,Genderbase DevOps,dave@dave.io,dave@dave.io,"testing, unit",,,,,,,,,,,,,GDB-100,,,,,
GDB-103,Genderbase,Implement controller tests,Write tests for controller actions,Backlog,,Medium,ed2f606d-c418-4e7b-be9e-1061fb9d9635,Genderbase DevOps,dave@dave.io,dave@dave.io,"testing, controllers",,,,,,,,,,,,,GDB-100,,,,,
GDB-104,Genderbase,Create system/integration tests,Implement end-to-end testing of key workflows,Backlog,,Medium,ed2f606d-c418-4e7b-be9e-1061fb9d9635,Genderbase DevOps,dave@dave.io,dave@dave.io,"testing, integration",,,,,,,,,,,,,GDB-100,,,,,
GDB-105,Genderbase,Documentation for responders,Write comprehensive documentation for responders on using the system,Backlog,,Medium,f0594e72-abee-4c3a-88d0-e139e332d0a7,Genderbase Documentation,dave@dave.io,dave@dave.io,"documentation, responders",,,,,,,,,,,,,,,,,,
GDB-106,Genderbase,Write responder guide introduction,Create overview of the responder role,Backlog,,Medium,f0594e72-abee-4c3a-88d0-e139e332d0a7,Genderbase Documentation,dave@dave.io,dave@dave.io,"documentation, responders",,,,,,,,,,,,,GDB-105,,,,,
GDB-107,Genderbase,Develop question handling guidelines,Write guidelines for appropriately answering questions,Backlog,,Medium,f0594e72-abee-4c3a-88d0-e139e332d0a7,Genderbase Documentation,dave@dave.io,dave@dave.io,"documentation, responders",,,,,,,,,,,,,GDB-105,,,,,
GDB-108,Genderbase,Create knowledge base contribution guide,Write guide for creating knowledge articles,Backlog,,Medium,f0594e72-abee-4c3a-88d0-e139e332d0a7,Genderbase Documentation,dave@dave.io,dave@dave.io,"documentation, responders",,,,,,,,,,,,,GDB-105,,,,,
GDB-109,Genderbase,Accessibility improvements,Ensure site meets WCAG accessibility standards,Backlog,,Medium,18273b8c-98cb-4e7d-9c32-9b786b4af56d,Genderbase Web App,dave@dave.io,dave@dave.io,"accessibility, ux",,,,,,,,,,,,,,,,,,
GDB-110,Genderbase,Audit site for accessibility issues,Review site against WCAG standards,Backlog,,Medium,18273b8c-98cb-4e7d-9c32-9b786b4af56d,Genderbase Web App,dave@dave.io,dave@dave.io,"accessibility, audit",,,,,,,,,,,,,GDB-109,,,,,
GDB-111,Genderbase,Implement keyboard navigation improvements,Enhance keyboard navigation throughout the site,Backlog,,Medium,18273b8c-98cb-4e7d-9c32-9b786b4af56d,Genderbase Web App,dave@dave.io,dave@dave.io,"accessibility, keyboard",,,,,,,,,,,,,GDB-109,,,,,
GDB-112,Genderbase,Add ARIA attributes to components,Improve screen reader compatibility with ARIA,Backlog,,Medium,18273b8c-98cb-4e7d-9c32-9b786b4af56d,Genderbase Web App,dave@dave.io,dave@dave.io,"accessibility, aria",,,,,,,,,,,,,GDB-109,,,,,
GDB-113,Genderbase,Create text alternatives for visual elements,Add alt text and descriptions for images and icons,Backlog,,Medium,18273b8c-98cb-4e7d-9c32-9b786b4af56d,Genderbase Web App,dave@dave.io,dave@dave.io,"accessibility, alt-text",,,,,,,,,,,,,GDB-109,,,,,
GDB-114,Genderbase,Production deployment,Configure production deployment process with proper security and scaling,Backlog,,High,ed2f606d-c418-4e7b-be9e-1061fb9d9635,Genderbase DevOps,dave@dave.io,dave@dave.io,"deployment, infrastructure",,,,,,,,,,,,,,,,,,
GDB-115,Genderbase,Configure Kamal deployment setup,Set up Kamal for Docker-based deployment,Backlog,,High,ed2f606d-c418-4e7b-be9e-1061fb9d9635,Genderbase DevOps,dave@dave.io,dave@dave.io,"deployment, kamal",,,,,,,,,,,,,GDB-114,,,,,
GDB-116,Genderbase,Create production environment configuration,Configure environment for production deployment,Backlog,,High,ed2f606d-c418-4e7b-be9e-1061fb9d9635,Genderbase DevOps,dave@dave.io,dave@dave.io,"deployment, configuration",,,,,,,,,,,,,GDB-114,,,,,
GDB-117,Genderbase,Set up SSL certificates,Implement SSL for secure connections,Backlog,,High,ed2f606d-c418-4e7b-be9e-1061fb9d9635,Genderbase DevOps,dave@dave.io,dave@dave.io,"deployment, ssl",,,,,,,,,,,,,GDB-114,,,,,
GDB-118,Genderbase,Create deployment documentation,Write documentation for deployment process,Backlog,,Medium,f0594e72-abee-4c3a-88d0-e139e332d0a7,Genderbase Documentation,dave@dave.io,dave@dave.io,"deployment, documentation",,,,,,,,,,,,,GDB-114,,,,,
GDB-119,Genderbase,Backup and disaster recovery plan,Design and implement backup strategy and disaster recovery procedures,Backlog,,Medium,ed2f606d-c418-4e7b-be9e-1061fb9d9635,Genderbase DevOps,dave@dave.io,dave@dave.io,"backups, security",,,,,,,,,,,,,,,,,,
GDB-120,Genderbase,Design backup strategy,Define approach for regular data backups,Backlog,,Medium,ed2f606d-c418-4e7b-be9e-1061fb9d9635,Genderbase DevOps,dave@dave.io,dave@dave.io,"backups, strategy",,,,,,,,,,,,,GDB-119,,,,,
GDB-121,Genderbase,Implement automated backup system,Create scheduled backup automation,Backlog,,Medium,ed2f606d-c418-4e7b-be9e-1061fb9d9635,Genderbase DevOps,dave@dave.io,dave@dave.io,"backups, automation",,,,,,,,,,,,,GDB-119,,,,,
GDB-122,Genderbase,Create disaster recovery procedures,Document steps for recovering from failures,Backlog,,Medium,f0594e72-abee-4c3a-88d0-e139e332d0a7,Genderbase Documentation,dave@dave.io,dave@dave.io,"backups, disaster-recovery",,,,,,,,,,,,,GDB-119,,,,,
GDB-123,Genderbase,Test backup restoration process,Verify backup restoration procedures,Backlog,,Medium,ed2f606d-c418-4e7b-be9e-1061fb9d9635,Genderbase DevOps,dave@dave.io,dave@dave.io,"backups, testing",,,,,,,,,,,,,GDB-119,,,,,
GDB-124,Genderbase,Data privacy controls,Ensure all personal data is properly protected with appropriate controls,Backlog,,High,9492a27d-e337-4bc6-8aeb-ae22755e0ad9,Genderbase Security,dave@dave.io,dave@dave.io,"privacy, security, gdpr",,,,,,,,,,,,,,,,,,
GDB-125,Genderbase,Implement data encryption,Add encryption for sensitive data,Backlog,,High,9492a27d-e337-4bc6-8aeb-ae22755e0ad9,Genderbase Security,dave@dave.io,dave@dave.io,"privacy, encryption",,,,,,,,,,,,,GDB-124,,,,,
GDB-126,Genderbase,Create data retention policies,Define and implement data retention rules,Backlog,,High,9492a27d-e337-4bc6-8aeb-ae22755e0ad9,Genderbase Security,dave@dave.io,dave@dave.io,"privacy, retention",,,,,,,,,,,,,GDB-124,,,,,
GDB-127,Genderbase,Implement user data export,Create functionality for users to export their data,Backlog,,High,9492a27d-e337-4bc6-8aeb-ae22755e0ad9,Genderbase Security,dave@dave.io,dave@dave.io,"privacy, export",,,,,,,,,,,,,GDB-124,,,,,
GDB-128,Genderbase,Add data deletion capabilities,Build functionality to delete user data on request,Backlog,,High,9492a27d-e337-4bc6-8aeb-ae22755e0ad9,Genderbase Security,dave@dave.io,dave@dave.io,"privacy, deletion",,,,,,,,,,,,,GDB-124,,,,,
GDB-129,Genderbase,API documentation,Document any public APIs for developers to integrate with the platform,Backlog,,Low,f0594e72-abee-4c3a-88d0-e139e332d0a7,Genderbase Documentation,dave@dave.io,dave@dave.io,"api, documentation",,,,,,,,,,,,,,,,,,
GDB-130,Genderbase,Create API documentation framework,Set up documentation system for APIs,Backlog,,Low,f0594e72-abee-4c3a-88d0-e139e332d0a7,Genderbase Documentation,dave@dave.io,dave@dave.io,"api, documentation",,,,,,,,,,,,,GDB-129,,,,,
GDB-131,Genderbase,Document pronoun API endpoints,Create documentation for pronoun API,Backlog,,Low,f0594e72-abee-4c3a-88d0-e139e332d0a7,Genderbase Documentation,dave@dave.io,dave@dave.io,"api, documentation, pronouns",,,,,,,,,,,,,GDB-129,,,,,
GDB-132,Genderbase,Create API authentication guide,Document API authentication methods,Backlog,,Low,f0594e72-abee-4c3a-88d0-e139e332d0a7,Genderbase Documentation,dave@dave.io,dave@dave.io,"api, documentation, authentication",,,,,,,,,,,,,GDB-129,,,,,
GDB-133,Genderbase,Monitoring and alerting,Implement monitoring and alerting for system health and performance,Backlog,,Medium,ed2f606d-c418-4e7b-be9e-1061fb9d9635,Genderbase DevOps,dave@dave.io,dave@dave.io,"monitoring, reliability",,,,,,,,,,,,,,,,,,
GDB-134,Genderbase,Set up server monitoring tools,Configure tools to monitor server health,Backlog,,Medium,ed2f606d-c418-4e7b-be9e-1061fb9d9635,Genderbase DevOps,dave@dave.io,dave@dave.io,"monitoring, servers",,,,,,,,,,,,,GDB-133,,,,,
GDB-135,Genderbase,Implement application performance monitoring,Add monitoring for application performance,Backlog,,Medium,ed2f606d-c418-4e7b-be9e-1061fb9d9635,Genderbase DevOps,dave@dave.io,dave@dave.io,"monitoring, application",,,,,,,,,,,,,GDB-133,,,,,
GDB-136,Genderbase,Create alerting rules,Configure alerts for critical issues,Backlog,,Medium,ed2f606d-c418-4e7b-be9e-1061fb9d9635,Genderbase DevOps,dave@dave.io,dave@dave.io,"monitoring, alerts",,,,,,,,,,,,,GDB-133,,,,,
GDB-137,Genderbase,Set up logging infrastructure,Configure centralized logging system,Backlog,,Medium,ed2f606d-c418-4e7b-be9e-1061fb9d9635,Genderbase DevOps,dave@dave.io,dave@dave.io,"monitoring, logging",,,,,,,,,,,,,GDB-133,,,,,
GDB-138,Genderbase,SEO optimizations,Optimize site for search engines to improve discovery,Backlog,,Medium,cd8ea5e9-a0eb-4cfc-a3ff-3c1c6b4570dd,Genderbase Promotion,dave@dave.io,dave@dave.io,"seo, discoverability",,,,,,,,,,,,,,,,,,
GDB-139,Genderbase,Implement SEO metadata,Add appropriate metadata for SEO,Backlog,,Medium,cd8ea5e9-a0eb-4cfc-a3ff-3c1c6b4570dd,Genderbase Promotion,dave@dave.io,dave@dave.io,"seo, metadata",,,,,,,,,,,,,GDB-138,,,,,
GDB-140,Genderbase,Create XML sitemap,Generate XML sitemap for search engines,Backlog,,Medium,cd8ea5e9-a0eb-4cfc-a3ff-3c1c6b4570dd,Genderbase Promotion,dave@dave.io,dave@dave.io,"seo, sitemap",,,,,,,,,,,,,GDB-138,,,,,
GDB-141,Genderbase,Optimize page load performance,Improve page loading speed for better SEO,Backlog,,Medium,cd8ea5e9-a0eb-4cfc-a3ff-3c1c6b4570dd,Genderbase Promotion,dave@dave.io,dave@dave.io,"seo, performance",,,,,,,,,,,,,GDB-138,,,,,
GDB-142,Genderbase,Implement structured data markup,Add schema.org markup for better search results,Backlog,,Medium,cd8ea5e9-a0eb-4cfc-a3ff-3c1c6b4570dd,Genderbase Promotion,dave@dave.io,dave@dave.io,"seo, structured-data",,,,,,,,,,,,,GDB-138,,,,,
GDB-143,Genderbase,Content style guide,Develop style guide for consistent tone and terminology in knowledge articles,Backlog,,Medium,f0594e72-abee-4c3a-88d0-e139e332d0a7,Genderbase Documentation,dave@dave.io,dave@dave.io,"content, consistency",,,,,,,,,,,,,,,,,,
GDB-144,Genderbase,Create writing style guidelines,Define tone and style for content,Backlog,,Medium,f0594e72-abee-4c3a-88d0-e139e332d0a7,Genderbase Documentation,dave@dave.io,dave@dave.io,"content, style-guide",,,,,,,,,,,,,GDB-143,,,,,
GDB-145,Genderbase,Develop terminology consistency guide,Create guidelines for consistent terminology usage,Backlog,,Medium,f0594e72-abee-4c3a-88d0-e139e332d0a7,Genderbase Documentation,dave@dave.io,dave@dave.io,"content, terminology",,,,,,,,,,,,,GDB-143,,,,,
GDB-146,Genderbase,Create content formatting standards,Define standard formatting for articles,Backlog,,Medium,f0594e72-abee-4c3a-88d0-e139e332d0a7,Genderbase Documentation,dave@dave.io,dave@dave.io,"content, formatting",,,,,,,,,,,,,GDB-143,,,,,
GDB-147,Genderbase,Real-time chat with ActionCable,Use ActionCable to update questions in real-time as they're edited or answered,Backlog,,Medium,18273b8c-98cb-4e7d-9c32-9b786b4af56d,Genderbase Web App,dave@dave.io,dave@dave.io,"realtime, websockets",,,,,,,,,,,,,,,,,,
GDB-148,Genderbase,Set up ActionCable channels,Configure ActionCable channels for real-time communication,Backlog,,Medium,18273b8c-98cb-4e7d-9c32-9b786b4af56d,Genderbase Web App,dave@dave.io,dave@dave.io,"realtime, websockets, setup",,,,,,,,,,,,,GDB-147,,,,,
GDB-149,Genderbase,Create client-side ActionCable connections,Implement JavaScript to connect to ActionCable channels,Backlog,,Medium,18273b8c-98cb-4e7d-9c32-9b786b4af56d,Genderbase Web App,dave@dave.io,dave@dave.io,"realtime, websockets, frontend",,,,,,,,,,,,,GDB-147,,,,,
GDB-150,Genderbase,Implement broadcasting for question updates,Add server-side broadcasting of question changes,Backlog,,Medium,18273b8c-98cb-4e7d-9c32-9b786b4af56d,Genderbase Web App,dave@dave.io,dave@dave.io,"realtime, websockets, backend",,,,,,,,,,,,,GDB-147,,,,,
GDB-151,Genderbase,Create real-time UI updates,Build UI that updates in real-time when data changes,Backlog,,Medium,18273b8c-98cb-4e7d-9c32-9b786b4af56d,Genderbase Web App,dave@dave.io,dave@dave.io,"realtime, websockets, ui",,,,,,,,,,,,,GDB-147,,,,,
GDB-152,Genderbase,Add typing indicators,Implement indicators showing when someone is typing,Backlog,,Low,18273b8c-98cb-4e7d-9c32-9b786b4af56d,Genderbase Web App,dave@dave.io,dave@dave.io,"realtime, websockets, ui",,,,,,,,,,,,,GDB-147,,,,,
GDB-153,Genderbase,Create online presence indicators,Show when users/responders are actively online,Backlog,,Low,18273b8c-98cb-4e7d-9c32-9b786b4af56d,Genderbase Web App,dave@dave.io,dave@dave.io,"realtime, websockets, presence",,,,,,,,,,,,,GDB-147,,,,,
GDB-154,Genderbase,Test WebSocket performance,Test and optimize WebSocket connections,Backlog,,Medium,18273b8c-98cb-4e7d-9c32-9b786b4af56d,Genderbase Web App,dave@dave.io,dave@dave.io,"realtime, websockets, performance",,,,,,,,,,,,,GDB-147,,,,,
GDB-155,Genderbase,Pronouns sharing feature,Implement system for users to share their pronouns via lookup from social accounts,Backlog,,Low,04923a0c-4f9f-4d3a-9cdd-88b5cc40d7a5,Genderbase API,dave@dave.io,dave@dave.io,"pronouns, sharing",,,,,,,,,,,,,,,,,,
GDB-156,Genderbase,Design pronoun sharing interface,Create UI for users to share and manage pronouns,Backlog,,Low,04923a0c-4f9f-4d3a-9cdd-88b5cc40d7a5,Genderbase API,dave@dave.io,dave@dave.io,"pronouns, sharing, ui",,,,,,,,,,,,,GDB-155,,,,,
GDB-157,Genderbase,Implement social account linking,Build functionality to link social media accounts,Backlog,,Low,04923a0c-4f9f-4d3a-9cdd-88b5cc40d7a5,Genderbase API,dave@dave.io,dave@dave.io,"pronouns, sharing, integration",,,,,,,,,,,,,GDB-155,,,,,
GDB-158,Genderbase,Create pronoun storage system,Implement database model for storing user pronouns,Backlog,,Low,04923a0c-4f9f-4d3a-9cdd-88b5cc40d7a5,Genderbase API,dave@dave.io,dave@dave.io,"pronouns, sharing, database",,,,,,,,,,,,,GDB-155,,,,,
GDB-159,Genderbase,Build pronoun display components,Create components to display user pronouns,Backlog,,Low,04923a0c-4f9f-4d3a-9cdd-88b5cc40d7a5,Genderbase API,dave@dave.io,dave@dave.io,"pronouns, sharing, ui",,,,,,,,,,,,,GDB-155,,,,,
GDB-160,Genderbase,Pronoun API for third-party integration,Build API to allow other services to look up users' pronouns,Backlog,,Low,04923a0c-4f9f-4d3a-9cdd-88b5cc40d7a5,Genderbase API,dave@dave.io,dave@dave.io,"api, pronouns",,,,,,,,,,,,,,,,,,
GDB-161,Genderbase,Design pronoun API endpoints,Define API structure for pronoun lookup,Backlog,,Low,04923a0c-4f9f-4d3a-9cdd-88b5cc40d7a5,Genderbase API,dave@dave.io,dave@dave.io,"api, pronouns, design",,,,,,,,,,,,,GDB-160,,,,,
GDB-162,Genderbase,Implement pronoun lookup API,Build API endpoints for pronoun retrieval,Backlog,,Low,04923a0c-4f9f-4d3a-9cdd-88b5cc40d7a5,Genderbase API,dave@dave.io,dave@dave.io,"api, pronouns, backend",,,,,,,,,,,,,GDB-160,,,,,
GDB-163,Genderbase,Create API documentation for pronouns,Document the pronoun API for developers,Backlog,,Low,f0594e72-abee-4c3a-88d0-e139e332d0a7,Genderbase Documentation,dave@dave.io,dave@dave.io,"api, pronouns, documentation",,,,,,,,,,,,,GDB-160,,,,,
GDB-164,Genderbase,Implement API authentication,Add authentication for API access,Backlog,,Low,04923a0c-4f9f-4d3a-9cdd-88b5cc40d7a5,Genderbase API,dave@dave.io,dave@dave.io,"api, pronouns, authentication",,,,,,,,,,,,,GDB-160,,,,,
GDB-165,Genderbase,Social account validation,Create system to validate ownership of social accounts for pronoun sharing,Backlog,,Low,04923a0c-4f9f-4d3a-9cdd-88b5cc40d7a5,Genderbase API,dave@dave.io,dave@dave.io,"social, validation",,,,,,,,,,,,,,,,,,
GDB-166,Genderbase,Design social validation flow,Create workflow for validating social accounts,Backlog,,Low,04923a0c-4f9f-4d3a-9cdd-88b5cc40d7a5,Genderbase API,dave@dave.io,dave@dave.io,"social, validation, design",,,,,,,,,,,,,GDB-165,,,,,
GDB-167,Genderbase,Implement OAuth integration,Add OAuth for major social platforms,Backlog,,Low,04923a0c-4f9f-4d3a-9cdd-88b5cc40d7a5,Genderbase API,dave@dave.io,dave@dave.io,"social, validation, oauth",,,,,,,,,,,,,GDB-165,,,,,
GDB-168,Genderbase,Create validation verification system,Build system to verify ownership of accounts,Backlog,,Low,04923a0c-4f9f-4d3a-9cdd-88b5cc40d7a5,Genderbase API,dave@dave.io,dave@dave.io,"social, validation, verification",,,,,,,,,,,,,GDB-165,,,,,
GDB-169,Genderbase,Add validation status tracking,Implement tracking of validation status,Backlog,,Low,04923a0c-4f9f-4d3a-9cdd-88b5cc40d7a5,Genderbase API,dave@dave.io,dave@dave.io,"social, validation, tracking",,,,,,,,,,,,,GDB-165,,,,,
GDB-170,Genderbase,Progressive web app support,Implement PWA features for better mobile experience,Backlog,,Low,18273b8c-98cb-4e7d-9c32-9b786b4af56d,Genderbase Web App,dave@dave.io,dave@dave.io,"pwa, mobile",,,,,,,,,,,,,,,,,,
GDB-171,Genderbase,Create PWA manifest file,Add web app manifest for PWA support,Backlog,,Low,18273b8c-98cb-4e7d-9c32-9b786b4af56d,Genderbase Web App,dave@dave.io,dave@dave.io,"pwa, manifest",,,,,,,,,,,,,GDB-170,,,,,
GDB-172,Genderbase,Implement service workers,Add service workers for offline capability,Backlog,,Low,18273b8c-98cb-4e7d-9c32-9b786b4af56d,Genderbase Web App,dave@dave.io,dave@dave.io,"pwa, service-worker",,,,,,,,,,,,,GDB-170,,,,,
GDB-173,Genderbase,Create offline content caching,Implement caching for offline access,Backlog,,Low,18273b8c-98cb-4e7d-9c32-9b786b4af56d,Genderbase Web App,dave@dave.io,dave@dave.io,"pwa, offline",,,,,,,,,,,,,GDB-170,,,,,
GDB-174,Genderbase,Add install prompts for PWA,Implement prompts for installing the PWA,Backlog,,Low,18273b8c-98cb-4e7d-9c32-9b786b4af56d,Genderbase Web App,dave@dave.io,dave@dave.io,"pwa, install",,,,,,,,,,,,,GDB-170,,,,,
GDB-175,Genderbase,Database performance optimization,Review and optimize database queries and indexes for performance,Backlog,,Medium,ed2f606d-c418-4e7b-be9e-1061fb9d9635,Genderbase DevOps,dave@dave.io,dave@dave.io,"performance, database",,,,,,,,,,,,,,,,,,
GDB-176,Genderbase,Analyze database query performance,Review and identify slow database queries,Backlog,,Medium,ed2f606d-c418-4e7b-be9e-1061fb9d9635,Genderbase DevOps,dave@dave.io,dave@dave.io,"performance, database, analysis",,,,,,,,,,,,,GDB-175,,,,,
GDB-177,Genderbase,Create database indexes,Add appropriate indexes for performance,Backlog,,Medium,ed2f606d-c418-4e7b-be9e-1061fb9d9635,Genderbase DevOps,dave@dave.io,dave@dave.io,"performance, database, indexes",,,,,,,,,,,,,GDB-175,,,,,
GDB-178,Genderbase,Optimize N+1 queries,Fix N+1 query issues for better performance,Backlog,,Medium,ed2f606d-c418-4e7b-be9e-1061fb9d9635,Genderbase DevOps,dave@dave.io,dave@dave.io,"performance, database, n+1",,,,,,,,,,,,,GDB-175,,,,,
GDB-179,Genderbase,Implement query caching,Add caching for expensive database queries,Backlog,,Medium,ed2f606d-c418-4e7b-be9e-1061fb9d9635,Genderbase DevOps,dave@dave.io,dave@dave.io,"performance, database, caching",,,,,,,,,,,,,GDB-175,,,,,
GDB-180,Genderbase,Caching strategy,Develop and implement appropriate caching for improved performance,Backlog,,Medium,ed2f606d-c418-4e7b-be9e-1061fb9d9635,Genderbase DevOps,dave@dave.io,dave@dave.io,"performance, caching",,,,,,,,,,,,,,,,,,
GDB-181,Genderbase,Design caching strategy,Define approach for application caching,Backlog,,Medium,ed2f606d-c418-4e7b-be9e-1061fb9d9635,Genderbase DevOps,dave@dave.io,dave@dave.io,"performance, caching, strategy",,,,,,,,,,,,,GDB-180,,,,,
GDB-182,Genderbase,Implement page caching,Add caching for static pages,Backlog,,Medium,ed2f606d-c418-4e7b-be9e-1061fb9d9635,Genderbase DevOps,dave@dave.io,dave@dave.io,"performance, caching, pages",,,,,,,,,,,,,GDB-180,,,,,
GDB-183,Genderbase,Create fragment caching,Implement fragment caching for dynamic content,Backlog,,Medium,ed2f606d-c418-4e7b-be9e-1061fb9d9635,Genderbase DevOps,dave@dave.io,dave@dave.io,"performance, caching, fragments",,,,,,,,,,,,,GDB-180,,,,,
GDB-184,Genderbase,Add Russian doll caching,Implement nested fragment caching,Backlog,,Medium,ed2f606d-c418-4e7b-be9e-1061fb9d9635,Genderbase DevOps,dave@dave.io,dave@dave.io,"performance, caching, russian-doll",,,,,,,,,,,,,GDB-180,,,,,
GDB-185,Genderbase,User tutorials and help content,Develop tutorials and help content for new users,Backlog,,Medium,f0594e72-abee-4c3a-88d0-e139e332d0a7,Genderbase Documentation,dave@dave.io,dave@dave.io,"documentation, onboarding",,,,,,,,,,,,,,,,,,
GDB-186,Genderbase,Create getting started guide,Develop introduction guide for new users,Backlog,,Medium,f0594e72-abee-4c3a-88d0-e139e332d0a7,Genderbase Documentation,dave@dave.io,dave@dave.io,"documentation, onboarding",,,,,,,,,,,,,GDB-185,,,,,
GDB-187,Genderbase,Implement interactive tutorials,Build step-by-step guides for key features,Backlog,,Medium,f0594e72-abee-4c3a-88d0-e139e332d0a7,Genderbase Documentation,dave@dave.io,dave@dave.io,"documentation, tutorials",,,,,,,,,,,,,GDB-185,,,,,
GDB-188,Genderbase,Create contextual help system,Add contextual help throughout the application,Backlog,,Medium,f0594e72-abee-4c3a-88d0-e139e332d0a7,Genderbase Documentation,dave@dave.io,dave@dave.io,"documentation, contextual",,,,,,,,,,,,,GDB-185,,,,,
GDB-189,Genderbase,Develop FAQ content,Create frequently asked questions content,Backlog,,Medium,f0594e72-abee-4c3a-88d0-e139e332d0a7,Genderbase Documentation,dave@dave.io,dave@dave.io,"documentation, faq",,,,,,,,,,,,,GDB-185,,,,,
GDB-190,Genderbase,Site branding,Create consistent visual branding across the site,Backlog,,High,cd8ea5e9-a0eb-4cfc-a3ff-3c1c6b4570dd,Genderbase Promotion,dave@dave.io,dave@dave.io,"branding, design",,,,,,,,,,,,,,,,,,
GDB-191,Genderbase,Create brand style guide,"Define brand colors, typography, and elements",Backlog,,High,,Genderbase Promotion,dave@dave.io,dave@dave.io,"branding, style-guide",,,,,,,,,,,,,GDB-190,,,,,
GDB-192,Genderbase,Design logo and iconography,Create logo and consistent icon set,Backlog,,High,cd8ea5e9-a0eb-4cfc-a3ff-3c1c6b4570dd,Genderbase Promotion,dave@dave.io,dave@dave.io,"branding, logo",,,,,,,,,,,,,GDB-190,,,,,
GDB-193,Genderbase,Implement brand elements in UI,Apply branding consistently across the site,Backlog,,High,cd8ea5e9-a0eb-4cfc-a3ff-3c1c6b4570dd,Genderbase Promotion,dave@dave.io,dave@dave.io,"branding, implementation",,,,,,,,,,,,,GDB-190,,,,,
GDB-194,Genderbase,Create brand voice guidelines,Define tone and language for communications,Backlog,,Medium,f0594e72-abee-4c3a-88d0-e139e332d0a7,Genderbase Documentation,dave@dave.io,dave@dave.io,"branding, voice",,,,,,,,,,,,,GDB-190,,,,,
GDB-195,Genderbase,Continuous integration,Configure CI pipeline for automated testing and deployment,Backlog,,Medium,ed2f606d-c418-4e7b-be9e-1061fb9d9635,Genderbase DevOps,dave@dave.io,dave@dave.io,"ci, automation",,,,,,,,,,,,,,,,,,
GDB-196,Genderbase,Set up GitHub Actions workflow,Configure CI pipeline with GitHub Actions,Backlog,,Medium,ed2f606d-c418-4e7b-be9e-1061fb9d9635,Genderbase DevOps,dave@dave.io,dave@dave.io,"ci, github-actions",,,,,,,,,,,,,GDB-195,,,,,
GDB-197,Genderbase,Create automated test job,Configure automated testing in CI pipeline,Backlog,,Medium,ed2f606d-c418-4e7b-be9e-1061fb9d9635,Genderbase DevOps,dave@dave.io,dave@dave.io,"ci, testing",,,,,,,,,,,,,GDB-195,,,,,
GDB-198,Genderbase,Implement linting checks,Add code quality checks to CI pipeline,Backlog,,Medium,ed2f606d-c418-4e7b-be9e-1061fb9d9635,Genderbase DevOps,dave@dave.io,dave@dave.io,"ci, linting",,,,,,,,,,,,,GDB-195,,,,,
GDB-199,Genderbase,Create deployment job,Add automated deployment to CI pipeline,Backlog,,Medium,ed2f606d-c418-4e7b-be9e-1061fb9d9635,Genderbase DevOps,dave@dave.io,dave@dave.io,"ci, deployment",,,,,,,,,,,,,GDB-195,,,,,
GDB-200,Genderbase,Internationalization framework,Set up i18n support for future multi-language support,Backlog,,Low,18273b8c-98cb-4e7d-9c32-9b786b4af56d,Genderbase Web App,dave@dave.io,dave@dave.io,"i18n, localization",,,,,,,,,,,,,,,,,,
GDB-201,Genderbase,Set up i18n framework,Configure Rails internationalization framework,Backlog,,Low,18273b8c-98cb-4e7d-9c32-9b786b4af56d,Genderbase Web App,dave@dave.io,dave@dave.io,"i18n, setup",,,,,,,,,,,,,GDB-200,,,,,
GDB-202,Genderbase,Create translation files,Add translation files for supported languages,Backlog,,Low,18273b8c-98cb-4e7d-9c32-9b786b4af56d,Genderbase Web App,dave@dave.io,dave@dave.io,"i18n, translations",,,,,,,,,,,,,GDB-200,,,,,
GDB-203,Genderbase,Implement language switcher,Add UI for changing language preference,Backlog,,Low,18273b8c-98cb-4e7d-9c32-9b786b4af56d,Genderbase Web App,dave@dave.io,dave@dave.io,"i18n, ui",,,,,,,,,,,,,GDB-200,,,,,
GDB-204,Genderbase,Add translation management tool,Implement tool for managing translations,Backlog,,Low,18273b8c-98cb-4e7d-9c32-9b786b4af56d,Genderbase Web App,dave@dave.io,dave@dave.io,"i18n, management",,,,,,,,,,,,,GDB-200,,,,,
GDB-205,Genderbase,Question token validation,Create secure token system for anonymous users to access their questions,Backlog,,High,9492a27d-e337-4bc6-8aeb-ae22755e0ad9,Genderbase Security,dave@dave.io,dave@dave.io,"security, tokens, questions",,,,,,,,,,,,,,,,,,
GDB-206,Genderbase,Implement secure token generation,Create cryptographically secure token generation,Backlog,,High,9492a27d-e337-4bc6-8aeb-ae22755e0ad9,Genderbase Security,dave@dave.io,dave@dave.io,"security, tokens, generation",,,,,,,,,,,,,GDB-205,,,,,
GDB-207,Genderbase,Create token validation system,Build system to validate question access tokens,Backlog,,High,9492a27d-e337-4bc6-8aeb-ae22755e0ad9,Genderbase Security,dave@dave.io,dave@dave.io,"security, tokens, validation",,,,,,,,,,,,,GDB-205,,,,,
GDB-208,Genderbase,Implement token expiration handling,Add handling for expired tokens,Backlog,,High,9492a27d-e337-4bc6-8aeb-ae22755e0ad9,Genderbase Security,dave@dave.io,dave@dave.io,"security, tokens, expiration",,,,,,,,,,,,,GDB-205,,,,,
GDB-209,Genderbase,Add token reset functionality,Create mechanism to reset lost tokens,Backlog,,Medium,9492a27d-e337-4bc6-8aeb-ae22755e0ad9,Genderbase Security,dave@dave.io,dave@dave.io,"security, tokens, reset",,,,,,,,,,,,,GDB-205,,,,,
GDB-210,Genderbase,Question email verification,Implement email verification for non-anonymous question submission,Backlog,,Medium,9492a27d-e337-4bc6-8aeb-ae22755e0ad9,Genderbase Security,dave@dave.io,dave@dave.io,"email, verification, questions",,,,,,,,,,,,,,,,,,
GDB-211,Genderbase,Design email verification flow,Create workflow for email verification,Backlog,,Medium,9492a27d-e337-4bc6-8aeb-ae22755e0ad9,Genderbase Security,dave@dave.io,dave@dave.io,"email, verification, design",,,,,,,,,,,,,GDB-210,,,,,
GDB-212,Genderbase,Implement verification email sending,Build system to send verification emails,Backlog,,Medium,9492a27d-e337-4bc6-8aeb-ae22755e0ad9,Genderbase Security,dave@dave.io,dave@dave.io,"email, verification, sending",,,,,,,,,,,,,GDB-210,,,,,
GDB-213,Genderbase,Create email verification page,Build page for verifying email addresses,Backlog,,Medium,9492a27d-e337-4bc6-8aeb-ae22755e0ad9,Genderbase Security,dave@dave.io,dave@dave.io,"email, verification, ui",,,,,,,,,,,,,GDB-210,,,,,
GDB-214,Genderbase,Add verification status tracking,Implement tracking of verification status,Backlog,,Medium,9492a27d-e337-4bc6-8aeb-ae22755e0ad9,Genderbase Security,dave@dave.io,dave@dave.io,"email, verification, tracking",,,,,,,,,,,,,GDB-210,,,,,
GDB-215,Genderbase,Spam prevention measures,Implement captcha or other anti-spam measures for question submission,Backlog,,High,9492a27d-e337-4bc6-8aeb-ae22755e0ad9,Genderbase Security,dave@dave.io,dave@dave.io,"security, spam, questions",,,,,,,,,,,,,,,,,,
GDB-216,Genderbase,Research captcha solutions,Evaluate captcha options for spam prevention,Backlog,,High,9492a27d-e337-4bc6-8aeb-ae22755e0ad9,Genderbase Security,dave@dave.io,dave@dave.io,"security, spam, research",,,,,,,,,,,,,GDB-215,,,,,
GDB-217,Genderbase,Implement captcha integration,Add chosen captcha solution to forms,Backlog,,High,9492a27d-e337-4bc6-8aeb-ae22755e0ad9,Genderbase Security,dave@dave.io,dave@dave.io,"security, spam, captcha",,,,,,,,,,,,,GDB-215,,,,,
GDB-218,Genderbase,Create rate limiting for submissions,Implement limits on form submissions,Backlog,,High,9492a27d-e337-4bc6-8aeb-ae22755e0ad9,Genderbase Security,dave@dave.io,dave@dave.io,"security, spam, rate-limiting",,,,,,,,,,,,,GDB-215,,,,,
GDB-219,Genderbase,Add IP-based blocking,Implement blocking of suspicious IP addresses,Backlog,,High,9492a27d-e337-4bc6-8aeb-ae22755e0ad9,Genderbase Security,dave@dave.io,dave@dave.io,"security, spam, ip-blocking",,,,,,,,,,,,,GDB-215,,,,,
GDB-220,Genderbase,Question assignment system,Build system to fairly distribute questions among responders,Backlog,,High,18273b8c-98cb-4e7d-9c32-9b786b4af56d,Genderbase Web App,dave@dave.io,dave@dave.io,"workflow, responders, questions",,,,,,,,,,,,,,,,,,
GDB-221,Genderbase,Design question assignment algorithm,Create algorithm for fair question distribution,Backlog,,High,18273b8c-98cb-4e7d-9c32-9b786b4af56d,Genderbase Web App,dave@dave.io,dave@dave.io,"workflow, responders, algorithm",,,,,,,,,,,,,GDB-220,,,,,
GDB-222,Genderbase,Implement question assignment backend,Build system to assign questions to responders,Backlog,,High,18273b8c-98cb-4e7d-9c32-9b786b4af56d,Genderbase Web App,dave@dave.io,dave@dave.io,"workflow, responders, backend",,,,,,,,,,,,,GDB-220,,,,,
GDB-223,Genderbase,Create manual assignment override,Add ability for admins to manually assign questions,Backlog,,Medium,18273b8c-98cb-4e7d-9c32-9b786b4af56d,Genderbase Web App,dave@dave.io,dave@dave.io,"workflow, responders, manual",,,,,,,,,,,,,GDB-220,,,,,
GDB-224,Genderbase,Add assignment notification system,Implement notifications for new question assignments,Backlog,,High,18273b8c-98cb-4e7d-9c32-9b786b4af56d,Genderbase Web App,dave@dave.io,dave@dave.io,"workflow, responders, notifications",,,,,,,,,,,,,GDB-220,,,,,
GDB-225,Genderbase,Responder availability settings,Allow responders to mark themselves as available or unavailable,Backlog,,Medium,18273b8c-98cb-4e7d-9c32-9b786b4af56d,Genderbase Web App,dave@dave.io,dave@dave.io,"responders, availability",,,,,,,,,,,,,,,,,,
GDB-226,Genderbase,Design responder availability UI,Create interface for setting availability status,Backlog,,Medium,18273b8c-98cb-4e7d-9c32-9b786b4af56d,Genderbase Web App,dave@dave.io,dave@dave.io,"responders, availability, ui",,,,,,,,,,,,,GDB-225,,,,,
GDB-227,Genderbase,Implement availability status backend,Build system to track responder availability,Backlog,,Medium,18273b8c-98cb-4e7d-9c32-9b786b4af56d,Genderbase Web App,dave@dave.io,dave@dave.io,"responders, availability, backend",,,,,,,,,,,,,GDB-225,,,,,
GDB-228,Genderbase,Create automated availability detection,Add detection of inactivity for availability,Backlog,,Low,18273b8c-98cb-4e7d-9c32-9b786b4af56d,Genderbase Web App,dave@dave.io,dave@dave.io,"responders, availability, automation",,,,,,,,,,,,,GDB-225,,,,,
GDB-229,Genderbase,Add availability scheduling,Implement scheduling of availability periods,Backlog,,Low,18273b8c-98cb-4e7d-9c32-9b786b4af56d,Genderbase Web App,dave@dave.io,dave@dave.io,"responders, availability, scheduling",,,,,,,,,,,,,GDB-225,,,,,
GDB-230,Genderbase,Markdown editor implementation,Build rich markdown editor with live preview for content editing,Backlog,,Medium,18273b8c-98cb-4e7d-9c32-9b786b4af56d,Genderbase Web App,dave@dave.io,dave@dave.io,"ui, editor, ux",,,,,,,,,,,,,,,,,,
GDB-231,Genderbase,Build markdown editor with preview,Implement rich markdown editor with live preview,Backlog,,Medium,18273b8c-98cb-4e7d-9c32-9b786b4af56d,Genderbase Web App,dave@dave.io,dave@dave.io,"ui, editor, ux",,,,,,,,,,,,,GDB-230,,,,,
GDB-232,Genderbase,Create syntax highlighting,Add syntax highlighting for code blocks in markdown,Backlog,,Low,18273b8c-98cb-4e7d-9c32-9b786b4af56d,Genderbase Web App,dave@dave.io,dave@dave.io,"ui, editor, code",,,,,,,,,,,,,GDB-230,,,,,
GDB-233,Genderbase,Add markdown formatting toolbar,Build toolbar with common formatting options,Backlog,,Medium,18273b8c-98cb-4e7d-9c32-9b786b4af56d,Genderbase Web App,dave@dave.io,dave@dave.io,"ui, editor, toolbar",,,,,,,,,,,,,GDB-230,,,,,
GDB-234,Genderbase,Implement paste handling,Add proper handling for pasted content,Backlog,,Medium,18273b8c-98cb-4e7d-9c32-9b786b4af56d,Genderbase Web App,dave@dave.io,dave@dave.io,"ui, editor, paste",,,,,,,,,,,,,GDB-230,,,,,
GDB-235,Genderbase,Secure messaging system,Create secure messaging between users and responders,Backlog,,High,9492a27d-e337-4bc6-8aeb-ae22755e0ad9,Genderbase Security,dave@dave.io,dave@dave.io,"security, messaging",,,,,,,,,,,,,,,,,,
GDB-236,Genderbase,Design secure messaging system,Create secure messaging between users and responders,Backlog,,High,9492a27d-e337-4bc6-8aeb-ae22755e0ad9,Genderbase Security,dave@dave.io,dave@dave.io,"security, messaging, design",,,,,,,,,,,,,GDB-235,,,,,
GDB-237,Genderbase,Implement end-to-end encryption,Add encryption for secure communications,Backlog,,High,9492a27d-e337-4bc6-8aeb-ae22755e0ad9,Genderbase Security,dave@dave.io,dave@dave.io,"security, messaging, encryption",,,,,,,,,,,,,GDB-235,,,,,
GDB-238,Genderbase,Create secure file sharing,Add ability to securely share files in conversations,Backlog,,Medium,9492a27d-e337-4bc6-8aeb-ae22755e0ad9,Genderbase Security,dave@dave.io,dave@dave.io,"security, messaging, files",,,,,,,,,,,,,GDB-235,,,,,
GDB-239,Genderbase,Build message expiration,Implement automatic expiration of messages,Backlog,,Medium,9492a27d-e337-4bc6-8aeb-ae22755e0ad9,Genderbase Security,dave@dave.io,dave@dave.io,"security, messaging, expiration",,,,,,,,,,,,,GDB-235,,,,,
GDB-240,Genderbase,Terminology glossary,Create comprehensive glossary of gender-related terminology,Backlog,,High,fb1aecba-c3c9-4c49-b78a-54926e9b0387,Genderbase Content,dave@dave.io,dave@dave.io,"terminology, content",,,,,,,,,,,,,,,,,,
GDB-241,Genderbase,Design glossary of terms,Create comprehensive glossary structure,Backlog,,High,,Gendcm erbase Content,dave@dave.io,dave@dave.io,"terminology, content, design",,,,,,,,,,,,,GDB-240,,,,,
GDB-242,Genderbase,Implement glossary backend,Build database models for glossary entries,Backlog,,High,fb1aecba-c3c9-4c49-b78a-54926e9b0387,Genderbase Content,dave@dave.io,dave@dave.io,"terminology, content, backend",,,,,,,,,,,,,GDB-240,,,,,
GDB-243,Genderbase,Create glossary UI,Build user interface for browsing the glossary,Backlog,,High,fb1aecba-c3c9-4c49-b78a-54926e9b0387,Genderbase Content,dave@dave.io,dave@dave.io,"terminology, content, ui",,,,,,,,,,,,,GDB-240,,,,,
GDB-244,Genderbase,Add glossary cross-references,Implement cross-references between related terms,Backlog,,Medium,fb1aecba-c3c9-4c49-b78a-54926e9b0387,Genderbase Content,dave@dave.io,dave@dave.io,"terminology, content, references",,,,,,,,,,,,,GDB-240,,,,,
GDB-245,Genderbase,End-user documentation,Create comprehensive guides for users of the platform,Backlog,,Medium,f0594e72-abee-4c3a-88d0-e139e332d0a7,Genderbase Documentation,dave@dave.io,dave@dave.io,"documentation, users",,,,,,,,,,,,,,,,,,
GDB-246,Genderbase,Develop question submission guide,Create guide explaining how to submit questions effectively,Backlog,,Medium,f0594e72-abee-4c3a-88d0-e139e332d0a7,Genderbase Documentation,dave@dave.io,dave@dave.io,"documentation, users, questions",,,,,,,,,,,,,GDB-245,,,,,
GDB-247,Genderbase,Write knowledge base usage guide,Create documentation on navigating and using the knowledge base,Backlog,,Medium,f0594e72-abee-4c3a-88d0-e139e332d0a7,Genderbase Documentation,dave@dave.io,dave@dave.io,"documentation, knowledge-base, users",,,,,,,,,,,,,GDB-245,,,,,
GDB-248,Genderbase,Create terminology reference guide,Write user-friendly guide to terminology section,Backlog,,Medium,f0594e72-abee-4c3a-88d0-e139e332d0a7,Genderbase Documentation,dave@dave.io,dave@dave.io,"documentation, terminology, users",,,,,,,,,,,,,GDB-245,,,,,
GDB-249,Genderbase,Develop privacy and anonymity guide,Create clear explanations of privacy features for users,Backlog,,High,f0594e72-abee-4c3a-88d0-e139e332d0a7,Genderbase Documentation,dave@dave.io,dave@dave.io,"documentation, privacy, users",,,,,,,,,,,,,GDB-245,,,,,
GDB-250,Genderbase,Technical documentation,Create comprehensive documentation for developers,Backlog,,Medium,f0594e72-abee-4c3a-88d0-e139e332d0a7,Genderbase Documentation,dave@dave.io,dave@dave.io,"documentation, technical",,,,,,,,,,,,,,,,,,
GDB-251,Genderbase,Create system architecture documentation,Document overall system design and architecture,Backlog,,Medium,f0594e72-abee-4c3a-88d0-e139e332d0a7,Genderbase Documentation,dave@dave.io,dave@dave.io,"documentation, technical, architecture",,,,,,,,,,,,,GDB-250,,,,,
GDB-252,Genderbase,Document database schema,Create comprehensive documentation of database structure,Backlog,,Medium,f0594e72-abee-4c3a-88d0-e139e332d0a7,Genderbase Documentation,dave@dave.io,dave@dave.io,"documentation, technical, database",,,,,,,,,,,,,GDB-250,,,,,
GDB-253,Genderbase,Write codebase style guide,Document coding standards and practices for the project,Backlog,,Medium,f0594e72-abee-4c3a-88d0-e139e332d0a7,Genderbase Documentation,dave@dave.io,dave@dave.io,"documentation, technical, standards",,,,,,,,,,,,,GDB-250,,,,,
GDB-254,Genderbase,Create local development setup guide,Document step-by-step process for setting up development environment,Backlog,,High,f0594e72-abee-4c3a-88d0-e139e332d0a7,Genderbase Documentation,dave@dave.io,dave@dave.io,"documentation, technical, setup",,,,,,,,,,,,,GDB-250,,,,,
GDB-255,Genderbase,Security documentation,Document security practices and features,Backlog,,High,f0594e72-abee-4c3a-88d0-e139e332d0a7,Genderbase Documentation,dave@dave.io,dave@dave.io,"documentation, security",,,,,,,,,,,,,,,,,,
GDB-256,Genderbase,Create security policy documentation,Document security policies and procedures,Backlog,,High,f0594e72-abee-4c3a-88d0-e139e332d0a7,Genderbase Documentation,dave@dave.io,dave@dave.io,"documentation, security, policy",,,,,,,,,,,,,GDB-255,,,,,
GDB-257,Genderbase,Develop privacy documentation,Create comprehensive privacy documentation,Backlog,,High,f0594e72-abee-4c3a-88d0-e139e332d0a7,Genderbase Documentation,dave@dave.io,dave@dave.io,"documentation, privacy, policy",,,,,,,,,,,,,GDB-255,,,,,
GDB-258,Genderbase,Write data handling guidelines,Document proper data handling procedures,Backlog,,High,f0594e72-abee-4c3a-88d0-e139e332d0a7,Genderbase Documentation,dave@dave.io,dave@dave.io,"documentation, security, data",,,,,,,,,,,,,GDB-255,,,,,
GDB-259,Genderbase,Document security features,Create documentation explaining security features for users and admins,Backlog,,High,f0594e72-abee-4c3a-88d0-e139e332d0a7,Genderbase Documentation,dave@dave.io,dave@dave.io,"documentation, security, features",,,,,,,,,,,,,GDB-255,,,,,
